Series Name,Series Code,Country Name,Country Code,1990 [YR1990],2000 [YR2000],2008 [YR2008],2009 [YR2009],2010 [YR2010],2011 [YR2011],2012 [YR2012],2013 [YR2013],2014 [YR2014],2015 [YR2015],2016 [YR2016],2017 [YR2017]
"Suicide mortality rate (per 100,000 population)",SH.STA.SUIC.P5,Afghanistan,AFG,..,5.7,..,..,5.1,..,..,..,..,4.8,4.7,..
"Suicide mortality rate (per 100,000 population)",SH.STA.SUIC.P5,Albania,ALB,..,5.5,..,..,7.8,..,..,..,..,6,6.3,..
"Suicide mortality rate (per 100,000 population)",SH.STA.SUIC.P5,Algeria,DZA,..,4.1,..,..,3.3,..,..,..,..,3.2,3.2,..
"Suicide mortality rate (per 100,000 population)",SH.STA.SUIC.P5,American Samoa,ASM,..,..,..,..,..,..,..,..,..,..,..,..
"Suicide mortality rate (per 100,000 population)",SH.STA.SUIC.P5,Andorra,AND,..,..,..,..,..,..,..,..,..,..,..,..
"Suicide mortality rate (per 100,000 population)",SH.STA.SUIC.P5,Angola,AGO,..,7.9,..,..,5.7,..,..,..,..,5,4.7,..
"Suicide mortality rate (per 100,000 population)",SH.STA.SUIC.P5,Antigua and Barbuda,ATG,..,2,..,..,0.3,..,..,..,..,0.8,0.5,..
"Suicide mortality rate (per 100,000 population)",SH.STA.SUIC.P5,Argentina,ARG,..,9.5,..,..,8.7,..,..,..,..,8.8,9.2,..
"Suicide mortality rate (per 100,000 population)",SH.STA.SUIC.P5,Armenia,ARM,..,3.3,..,..,6,..,..,..,..,7,6.6,..
"Suicide mortality rate (per 100,000 population)",SH.STA.SUIC.P5,Aruba,ABW,..,..,..,..,..,..,..,..,..,..,..,..
"Suicide mortality rate (per 100,000 population)",SH.STA.SUIC.P5,Australia,AUS,..,13.2,..,..,12.5,..,..,..,..,13.8,13.2,..
"Suicide mortality rate (per 100,000 population)",SH.STA.SUIC.P5,Austria,AUT,..,20,..,..,16,..,..,..,..,16,15.6,..
"Suicide mortality rate (per 100,000 population)",SH.STA.SUIC.P5,Azerbaijan,AZE,..,2.2,..,..,3.1,..,..,..,..,2.7,2.6,..
"Suicide mortality rate (per 100,000 population)",SH.STA.SUIC.P5,"Bahamas, The",BHS,..,2,..,..,2,..,..,..,..,1.8,1.7,..
"Suicide mortality rate (per 100,000 population)",SH.STA.SUIC.P5,Bahrain,BHR,..,6.7,..,..,5.2,..,..,..,..,5.9,5.9,..
"Suicide mortality rate (per 100,000 population)",SH.STA.SUIC.P5,Bangladesh,BGD,..,6.7,..,..,6.4,..,..,..,..,6.1,5.9,..
"Suicide mortality rate (per 100,000 population)",SH.STA.SUIC.P5,Barbados,BRB,..,2.1,..,..,2.1,..,..,..,..,0.7,0.8,..
"Suicide mortality rate (per 100,000 population)",SH.STA.SUIC.P5,Belarus,BLR,..,43.1,..,..,38.2,..,..,..,..,26.3,26.2,..
"Suicide mortality rate (per 100,000 population)",SH.STA.SUIC.P5,Belgium,BEL,..,22.7,..,..,21.3,..,..,..,..,20.1,20.7,..
"Suicide mortality rate (per 100,000 population)",SH.STA.SUIC.P5,Belize,BLZ,..,5.5,..,..,4.9,..,..,..,..,4.8,4.7,..
"Suicide mortality rate (per 100,000 population)",SH.STA.SUIC.P5,Benin,BEN,..,9.5,..,..,9.6,..,..,..,..,9.9,9.9,..
"Suicide mortality rate (per 100,000 population)",SH.STA.SUIC.P5,Bermuda,BMU,..,..,..,..,..,..,..,..,..,..,..,..
"Suicide mortality rate (per 100,000 population)",SH.STA.SUIC.P5,Bhutan,BTN,..,12.4,..,..,11.1,..,..,..,..,11.6,11.4,..
"Suicide mortality rate (per 100,000 population)",SH.STA.SUIC.P5,Bolivia,BOL,..,16.4,..,..,14.1,..,..,..,..,12.4,12.2,..
"Suicide mortality rate (per 100,000 population)",SH.STA.SUIC.P5,Bosnia and Herzegovina,BIH,..,10.7,..,..,8,..,..,..,..,8.9,8.8,..
"Suicide mortality rate (per 100,000 population)",SH.STA.SUIC.P5,Botswana,BWA,..,11.8,..,..,11.1,..,..,..,..,9.7,9.3,..
"Suicide mortality rate (per 100,000 population)",SH.STA.SUIC.P5,Brazil,BRA,..,4.8,..,..,5.7,..,..,..,..,6.5,6.5,..
"Suicide mortality rate (per 100,000 population)",SH.STA.SUIC.P5,British Virgin Islands,VGB,..,..,..,..,..,..,..,..,..,..,..,..
"Suicide mortality rate (per 100,000 population)",SH.STA.SUIC.P5,Brunei Darussalam,BRN,..,2.8,..,..,3.7,..,..,..,..,4.5,4.6,..
"Suicide mortality rate (per 100,000 population)",SH.STA.SUIC.P5,Bulgaria,BGR,..,18.5,..,..,12.5,..,..,..,..,11.4,11.5,..
"Suicide mortality rate (per 100,000 population)",SH.STA.SUIC.P5,Burkina Faso,BFA,..,8.2,..,..,7.5,..,..,..,..,7.7,7.7,..
"Suicide mortality rate (per 100,000 population)",SH.STA.SUIC.P5,Burundi,BDI,..,7.1,..,..,9,..,..,..,..,8.9,9.1,..
"Suicide mortality rate (per 100,000 population)",SH.STA.SUIC.P5,Cabo Verde,CPV,..,9.4,..,..,11.1,..,..,..,..,11,11.3,..
"Suicide mortality rate (per 100,000 population)",SH.STA.SUIC.P5,Cambodia,KHM,..,5.6,..,..,5.4,..,..,..,..,5.3,5.3,..
"Suicide mortality rate (per 100,000 population)",SH.STA.SUIC.P5,Cameroon,CMR,..,13.3,..,..,11.7,..,..,..,..,12.3,12.2,..
"Suicide mortality rate (per 100,000 population)",SH.STA.SUIC.P5,Canada,CAN,..,13,..,..,13,..,..,..,..,12.5,12.5,..
"Suicide mortality rate (per 100,000 population)",SH.STA.SUIC.P5,Cayman Islands,CYM,..,..,..,..,..,..,..,..,..,..,..,..
"Suicide mortality rate (per 100,000 population)",SH.STA.SUIC.P5,Central African Republic,CAF,..,8.8,..,..,9.5,..,..,..,..,8.1,7.7,..
"Suicide mortality rate (per 100,000 population)",SH.STA.SUIC.P5,Chad,TCD,..,8,..,..,8.7,..,..,..,..,8.9,8.8,..
"Suicide mortality rate (per 100,000 population)",SH.STA.SUIC.P5,Channel Islands,CHI,..,..,..,..,..,..,..,..,..,..,..,..
"Suicide mortality rate (per 100,000 population)",SH.STA.SUIC.P5,Chile,CHL,..,10.9,..,..,12.2,..,..,..,..,10.9,10.6,..
"Suicide mortality rate (per 100,000 population)",SH.STA.SUIC.P5,China,CHN,..,13.2,..,..,10.9,..,..,..,..,9.6,9.7,..
"Suicide mortality rate (per 100,000 population)",SH.STA.SUIC.P5,Colombia,COL,..,7.6,..,..,7.2,..,..,..,..,8.3,7.2,..
"Suicide mortality rate (per 100,000 population)",SH.STA.SUIC.P5,Comoros,COM,..,5.1,..,..,6.6,..,..,..,..,6.8,6.8,..
"Suicide mortality rate (per 100,000 population)",SH.STA.SUIC.P5,"Congo, Dem. Rep.",COD,..,6.6,..,..,5.5,..,..,..,..,5.6,5.7,..
"Suicide mortality rate (per 100,000 population)",SH.STA.SUIC.P5,"Congo, Rep.",COG,..,10,..,..,7.4,..,..,..,..,6.1,5.9,..
"Suicide mortality rate (per 100,000 population)",SH.STA.SUIC.P5,Costa Rica,CRI,..,7.3,..,..,8.6,..,..,..,..,7.9,7.9,..
"Suicide mortality rate (per 100,000 population)",SH.STA.SUIC.P5,Cote d'Ivoire,CIV,..,9.5,..,..,12.7,..,..,..,..,14.4,14.5,..
"Suicide mortality rate (per 100,000 population)",SH.STA.SUIC.P5,Croatia,HRV,..,21.3,..,..,18.6,..,..,..,..,17.8,16.5,..
"Suicide mortality rate (per 100,000 population)",SH.STA.SUIC.P5,Cuba,CUB,..,17.4,..,..,14.4,..,..,..,..,13.7,13.9,..
"Suicide mortality rate (per 100,000 population)",SH.STA.SUIC.P5,Curacao,CUW,..,..,..,..,..,..,..,..,..,..,..,..
"Suicide mortality rate (per 100,000 population)",SH.STA.SUIC.P5,Cyprus,CYP,..,2.2,..,..,5.7,..,..,..,..,4.9,5.3,..
"Suicide mortality rate (per 100,000 population)",SH.STA.SUIC.P5,Czech Republic,CZE,..,17,..,..,15.4,..,..,..,..,13.7,13.1,..
"Suicide mortality rate (per 100,000 population)",SH.STA.SUIC.P5,Denmark,DNK,..,16,..,..,12.7,..,..,..,..,11.9,12.8,..
"Suicide mortality rate (per 100,000 population)",SH.STA.SUIC.P5,Djibouti,DJI,..,5.8,..,..,5.2,..,..,..,..,6.4,6.7,..
"Suicide mortality rate (per 100,000 population)",SH.STA.SUIC.P5,Dominica,DMA,..,..,..,..,..,..,..,..,..,..,..,..
"Suicide mortality rate (per 100,000 population)",SH.STA.SUIC.P5,Dominican Republic,DOM,..,9.1,..,..,8,..,..,..,..,9.7,9.9,..
"Suicide mortality rate (per 100,000 population)",SH.STA.SUIC.P5,Ecuador,ECU,..,6.1,..,..,8.5,..,..,..,..,9.6,7.1,..
"Suicide mortality rate (per 100,000 population)",SH.STA.SUIC.P5,"Egypt, Arab Rep.",EGY,..,3.3,..,..,3.6,..,..,..,..,3.8,4,..
"Suicide mortality rate (per 100,000 population)",SH.STA.SUIC.P5,El Salvador,SLV,..,13.4,..,..,10.8,..,..,..,..,14,13.7,..
"Suicide mortality rate (per 100,000 population)",SH.STA.SUIC.P5,Equatorial Guinea,GNQ,..,15.5,..,..,16.7,..,..,..,..,16.5,16.4,..
"Suicide mortality rate (per 100,000 population)",SH.STA.SUIC.P5,Eritrea,ERI,..,11.6,..,..,9,..,..,..,..,8.1,7.9,..
"Suicide mortality rate (per 100,000 population)",SH.STA.SUIC.P5,Estonia,EST,..,29.5,..,..,18.3,..,..,..,..,15.8,17.8,..
"Suicide mortality rate (per 100,000 population)",SH.STA.SUIC.P5,Eswatini,SWZ,..,11.6,..,..,11.9,..,..,..,..,13.1,13.3,..
"Suicide mortality rate (per 100,000 population)",SH.STA.SUIC.P5,Ethiopia,ETH,..,8,..,..,7.3,..,..,..,..,7.2,7.2,..
"Suicide mortality rate (per 100,000 population)",SH.STA.SUIC.P5,Faroe Islands,FRO,..,..,..,..,..,..,..,..,..,..,..,..
"Suicide mortality rate (per 100,000 population)",SH.STA.SUIC.P5,Fiji,FJI,..,4.3,..,..,4.8,..,..,..,..,5,5,..
"Suicide mortality rate (per 100,000 population)",SH.STA.SUIC.P5,Finland,FIN,..,24.6,..,..,18.9,..,..,..,..,14.4,15.9,..
"Suicide mortality rate (per 100,000 population)",SH.STA.SUIC.P5,France,FRA,..,22.3,..,..,20.2,..,..,..,..,18,17.7,..
"Suicide mortality rate (per 100,000 population)",SH.STA.SUIC.P5,French Polynesia,PYF,..,..,..,..,..,..,..,..,..,..,..,..
"Suicide mortality rate (per 100,000 population)",SH.STA.SUIC.P5,Gabon,GAB,..,6.7,..,..,6.9,..,..,..,..,7.3,7.1,..
"Suicide mortality rate (per 100,000 population)",SH.STA.SUIC.P5,"Gambia, The",GMB,..,6.6,..,..,5.1,..,..,..,..,5.2,5.1,..
"Suicide mortality rate (per 100,000 population)",SH.STA.SUIC.P5,Georgia,GEO,..,6,..,..,6.9,..,..,..,..,8.1,8.2,..
"Suicide mortality rate (per 100,000 population)",SH.STA.SUIC.P5,Germany,DEU,..,14.7,..,..,13.7,..,..,..,..,13.8,13.6,..
"Suicide mortality rate (per 100,000 population)",SH.STA.SUIC.P5,Ghana,GHA,..,4,..,..,4.7,..,..,..,..,5.3,5.4,..
"Suicide mortality rate (per 100,000 population)",SH.STA.SUIC.P5,Gibraltar,GIB,..,..,..,..,..,..,..,..,..,..,..,..
"Suicide mortality rate (per 100,000 population)",SH.STA.SUIC.P5,Greece,GRC,..,3.4,..,..,3.3,..,..,..,..,4.8,5,..
"Suicide mortality rate (per 100,000 population)",SH.STA.SUIC.P5,Greenland,GRL,..,..,..,..,..,..,..,..,..,..,..,..
"Suicide mortality rate (per 100,000 population)",SH.STA.SUIC.P5,Grenada,GRD,..,1.9,..,..,0.9,..,..,..,..,1.1,1.7,..
"Suicide mortality rate (per 100,000 population)",SH.STA.SUIC.P5,Guam,GUM,..,..,..,..,..,..,..,..,..,..,..,..
"Suicide mortality rate (per 100,000 population)",SH.STA.SUIC.P5,Guatemala,GTM,..,3.2,..,..,2.9,..,..,..,..,3.1,2.7,..
"Suicide mortality rate (per 100,000 population)",SH.STA.SUIC.P5,Guinea,GIN,..,6.3,..,..,6.6,..,..,..,..,6.4,6.3,..
"Suicide mortality rate (per 100,000 population)",SH.STA.SUIC.P5,Guinea-Bissau,GNB,..,5,..,..,4.2,..,..,..,..,3.9,4,..
"Suicide mortality rate (per 100,000 population)",SH.STA.SUIC.P5,Guyana,GUY,..,23.4,..,..,26.8,..,..,..,..,29.1,29.2,..
"Suicide mortality rate (per 100,000 population)",SH.STA.SUIC.P5,Haiti,HTI,..,8.7,..,..,10.2,..,..,..,..,11.7,11.7,..
"Suicide mortality rate (per 100,000 population)",SH.STA.SUIC.P5,Honduras,HND,..,2.3,..,..,2.5,..,..,..,..,2.8,2.9,..
"Suicide mortality rate (per 100,000 population)",SH.STA.SUIC.P5,"Hong Kong SAR, China",HKG,..,..,..,..,..,..,..,..,..,..,..,..
"Suicide mortality rate (per 100,000 population)",SH.STA.SUIC.P5,Hungary,HUN,..,32.5,..,..,26,..,..,..,..,20.3,19.1,..
"Suicide mortality rate (per 100,000 population)",SH.STA.SUIC.P5,Iceland,ISL,..,16.2,..,..,13.3,..,..,..,..,14,14,..
"Suicide mortality rate (per 100,000 population)",SH.STA.SUIC.P5,India,IND,..,17.4,..,..,16.5,..,..,..,..,16.5,16.3,..
"Suicide mortality rate (per 100,000 population)",SH.STA.SUIC.P5,Indonesia,IDN,..,3.9,..,..,3.6,..,..,..,..,3.4,3.4,..
"Suicide mortality rate (per 100,000 population)",SH.STA.SUIC.P5,"Iran, Islamic Rep.",IRN,..,10.7,..,..,6.6,..,..,..,..,4,4.1,..
"Suicide mortality rate (per 100,000 population)",SH.STA.SUIC.P5,Iraq,IRQ,..,2.7,..,..,2.8,..,..,..,..,3.1,3,..
"Suicide mortality rate (per 100,000 population)",SH.STA.SUIC.P5,Ireland,IRL,..,12.4,..,..,12,..,..,..,..,11.5,11.5,..
"Suicide mortality rate (per 100,000 population)",SH.STA.SUIC.P5,Isle of Man,IMN,..,..,..,..,..,..,..,..,..,..,..,..
"Suicide mortality rate (per 100,000 population)",SH.STA.SUIC.P5,Israel,ISR,..,7.5,..,..,7.3,..,..,..,..,5,5.4,..
"Suicide mortality rate (per 100,000 population)",SH.STA.SUIC.P5,Italy,ITA,..,7.8,..,..,7.5,..,..,..,..,8,8.2,..
"Suicide mortality rate (per 100,000 population)",SH.STA.SUIC.P5,Jamaica,JAM,..,2.3,..,..,2,..,..,..,..,2.1,2.2,..
"Suicide mortality rate (per 100,000 population)",SH.STA.SUIC.P5,Japan,JPN,..,24.7,..,..,24.4,..,..,..,..,19.4,18.5,..
"Suicide mortality rate (per 100,000 population)",SH.STA.SUIC.P5,Jordan,JOR,..,3.4,..,..,2.8,..,..,..,..,2.9,2.9,..
"Suicide mortality rate (per 100,000 population)",SH.STA.SUIC.P5,Kazakhstan,KAZ,..,34,..,..,32.7,..,..,..,..,24.9,22.5,..
"Suicide mortality rate (per 100,000 population)",SH.STA.SUIC.P5,Kenya,KEN,..,4.4,..,..,3.1,..,..,..,..,3.1,3.2,..
"Suicide mortality rate (per 100,000 population)",SH.STA.SUIC.P5,Kiribati,KIR,..,13.7,..,..,14.5,..,..,..,..,14.5,14.4,..
"Suicide mortality rate (per 100,000 population)",SH.STA.SUIC.P5,"Korea, Dem. People’s Rep.",PRK,..,10,..,..,11.9,..,..,..,..,11.4,11.2,..
"Suicide mortality rate (per 100,000 population)",SH.STA.SUIC.P5,"Korea, Rep.",KOR,..,14.8,..,..,34.1,..,..,..,..,28.3,26.9,..
"Suicide mortality rate (per 100,000 population)",SH.STA.SUIC.P5,Kosovo,XKX,..,..,..,..,..,..,..,..,..,..,..,..
"Suicide mortality rate (per 100,000 population)",SH.STA.SUIC.P5,Kuwait,KWT,..,2,..,..,1.9,..,..,..,..,2.3,2.3,..
"Suicide mortality rate (per 100,000 population)",SH.STA.SUIC.P5,Kyrgyz Republic,KGZ,..,12.6,..,..,11.3,..,..,..,..,8.1,8.3,..
"Suicide mortality rate (per 100,000 population)",SH.STA.SUIC.P5,Lao PDR,LAO,..,10.1,..,..,8.9,..,..,..,..,8.5,8.6,..
"Suicide mortality rate (per 100,000 population)",SH.STA.SUIC.P5,Latvia,LVA,..,34.7,..,..,22.7,..,..,..,..,21.6,21.2,..
"Suicide mortality rate (per 100,000 population)",SH.STA.SUIC.P5,Lebanon,LBN,..,3,..,..,3.2,..,..,..,..,3.3,3.3,..
"Suicide mortality rate (per 100,000 population)",SH.STA.SUIC.P5,Lesotho,LSO,..,18,..,..,20.1,..,..,..,..,21,21.2,..
"Suicide mortality rate (per 100,000 population)",SH.STA.SUIC.P5,Liberia,LBR,..,5.7,..,..,6.5,..,..,..,..,6.5,6.8,..
"Suicide mortality rate (per 100,000 population)",SH.STA.SUIC.P5,Libya,LBY,..,5.3,..,..,5.4,..,..,..,..,4.2,5.2,..
"Suicide mortality rate (per 100,000 population)",SH.STA.SUIC.P5,Liechtenstein,LIE,..,..,..,..,..,..,..,..,..,..,..,..
"Suicide mortality rate (per 100,000 population)",SH.STA.SUIC.P5,Lithuania,LTU,..,50.7,..,..,37.3,..,..,..,..,34.9,31.9,..
"Suicide mortality rate (per 100,000 population)",SH.STA.SUIC.P5,Luxembourg,LUX,..,16.8,..,..,12.9,..,..,..,..,14.7,13.5,..
"Suicide mortality rate (per 100,000 population)",SH.STA.SUIC.P5,"Macao SAR, China",MAC,..,..,..,..,..,..,..,..,..,..,..,..
"Suicide mortality rate (per 100,000 population)",SH.STA.SUIC.P5,"Macedonia, FYR",MKD,..,7.7,..,..,5.9,..,..,..,..,7.8,7.9,..
"Suicide mortality rate (per 100,000 population)",SH.STA.SUIC.P5,Madagascar,MDG,..,4.7,..,..,4.3,..,..,..,..,4,3.9,..
"Suicide mortality rate (per 100,000 population)",SH.STA.SUIC.P5,Malawi,MWI,..,6.2,..,..,3.8,..,..,..,..,3.6,3.7,..
"Suicide mortality rate (per 100,000 population)",SH.STA.SUIC.P5,Malaysia,MYS,..,5.3,..,..,5.1,..,..,..,..,5.4,5.5,..
"Suicide mortality rate (per 100,000 population)",SH.STA.SUIC.P5,Maldives,MDV,..,4.4,..,..,3.2,..,..,..,..,2.6,2.3,..
"Suicide mortality rate (per 100,000 population)",SH.STA.SUIC.P5,Mali,MLI,..,5.5,..,..,4.8,..,..,..,..,4.8,4.8,..
"Suicide mortality rate (per 100,000 population)",SH.STA.SUIC.P5,Malta,MLT,..,6.5,..,..,8,..,..,..,..,8,7.5,..
"Suicide mortality rate (per 100,000 population)",SH.STA.SUIC.P5,Marshall Islands,MHL,..,..,..,..,..,..,..,..,..,..,..,..
"Suicide mortality rate (per 100,000 population)",SH.STA.SUIC.P5,Mauritania,MRT,..,3.4,..,..,3.9,..,..,..,..,4.3,4.4,..
"Suicide mortality rate (per 100,000 population)",SH.STA.SUIC.P5,Mauritius,MUS,..,11.1,..,..,8.1,..,..,..,..,8.5,7.8,..
"Suicide mortality rate (per 100,000 population)",SH.STA.SUIC.P5,Mexico,MEX,..,3.6,..,..,4.6,..,..,..,..,5.6,5.1,..
"Suicide mortality rate (per 100,000 population)",SH.STA.SUIC.P5,"Micronesia, Fed. Sts.",FSM,..,10.8,..,..,11.1,..,..,..,..,11.4,11.1,..
"Suicide mortality rate (per 100,000 population)",SH.STA.SUIC.P5,Moldova,MDA,..,16.4,..,..,20.9,..,..,..,..,16.4,15.9,..
"Suicide mortality rate (per 100,000 population)",SH.STA.SUIC.P5,Monaco,MCO,..,..,..,..,..,..,..,..,..,..,..,..
"Suicide mortality rate (per 100,000 population)",SH.STA.SUIC.P5,Mongolia,MNG,..,17.9,..,..,16.6,..,..,..,..,13.1,13,..
"Suicide mortality rate (per 100,000 population)",SH.STA.SUIC.P5,Montenegro,MNE,..,10.4,..,..,10.4,..,..,..,..,10,10.3,..
"Suicide mortality rate (per 100,000 population)",SH.STA.SUIC.P5,Morocco,MAR,..,6.9,..,..,3.7,..,..,..,..,2.9,2.9,..
"Suicide mortality rate (per 100,000 population)",SH.STA.SUIC.P5,Mozambique,MOZ,..,8.8,..,..,5.6,..,..,..,..,4.9,4.9,..
"Suicide mortality rate (per 100,000 population)",SH.STA.SUIC.P5,Myanmar,MMR,..,7.3,..,..,7.3,..,..,..,..,7.6,7.8,..
"Suicide mortality rate (per 100,000 population)",SH.STA.SUIC.P5,Namibia,NAM,..,10.9,..,..,10.4,..,..,..,..,9,8.7,..
"Suicide mortality rate (per 100,000 population)",SH.STA.SUIC.P5,Nauru,NRU,..,..,..,..,..,..,..,..,..,..,..,..
"Suicide mortality rate (per 100,000 population)",SH.STA.SUIC.P5,Nepal,NPL,..,15.4,..,..,10.5,..,..,..,..,9.1,8.8,..
"Suicide mortality rate (per 100,000 population)",SH.STA.SUIC.P5,Netherlands,NLD,..,9.8,..,..,10,..,..,..,..,12.5,12.6,..
"Suicide mortality rate (per 100,000 population)",SH.STA.SUIC.P5,New Caledonia,NCL,..,..,..,..,..,..,..,..,..,..,..,..
"Suicide mortality rate (per 100,000 population)",SH.STA.SUIC.P5,New Zealand,NZL,..,12.9,..,..,13,..,..,..,..,12.1,12.1,..
"Suicide mortality rate (per 100,000 population)",SH.STA.SUIC.P5,Nicaragua,NIC,..,17.2,..,..,12.5,..,..,..,..,12.2,12.2,..
"Suicide mortality rate (per 100,000 population)",SH.STA.SUIC.P5,Niger,NER,..,4.6,..,..,4.9,..,..,..,..,4.7,4.6,..
"Suicide mortality rate (per 100,000 population)",SH.STA.SUIC.P5,Nigeria,NGA,..,10.2,..,..,10,..,..,..,..,9.6,9.5,..
"Suicide mortality rate (per 100,000 population)",SH.STA.SUIC.P5,Northern Mariana Islands,MNP,..,..,..,..,..,..,..,..,..,..,..,..
"Suicide mortality rate (per 100,000 population)",SH.STA.SUIC.P5,Norway,NOR,..,13.3,..,..,12.6,..,..,..,..,12.4,12.2,..
"Suicide mortality rate (per 100,000 population)",SH.STA.SUIC.P5,Oman,OMN,..,4.3,..,..,3.7,..,..,..,..,4.1,3.9,..
"Suicide mortality rate (per 100,000 population)",SH.STA.SUIC.P5,Pakistan,PAK,..,3.4,..,..,3.1,..,..,..,..,2.9,2.9,..
"Suicide mortality rate (per 100,000 population)",SH.STA.SUIC.P5,Palau,PLW,..,..,..,..,..,..,..,..,..,..,..,..
"Suicide mortality rate (per 100,000 population)",SH.STA.SUIC.P5,Panama,PAN,..,6,..,..,5.1,..,..,..,..,3.9,4.3,..
"Suicide mortality rate (per 100,000 population)",SH.STA.SUIC.P5,Papua New Guinea,PNG,..,7.1,..,..,5.4,..,..,..,..,6,6,..
"Suicide mortality rate (per 100,000 population)",SH.STA.SUIC.P5,Paraguay,PRY,..,10.1,..,..,9.3,..,..,..,..,9.9,9.5,..
"Suicide mortality rate (per 100,000 population)",SH.STA.SUIC.P5,Peru,PER,..,5.1,..,..,4.6,..,..,..,..,4.9,4.9,..
"Suicide mortality rate (per 100,000 population)",SH.STA.SUIC.P5,Philippines,PHL,..,2.5,..,..,3.3,..,..,..,..,3.2,3.2,..
"Suicide mortality rate (per 100,000 population)",SH.STA.SUIC.P5,Poland,POL,..,16.9,..,..,18.6,..,..,..,..,15.8,16.2,..
"Suicide mortality rate (per 100,000 population)",SH.STA.SUIC.P5,Portugal,PRT,..,7.5,..,..,13.5,..,..,..,..,13.8,14,..
"Suicide mortality rate (per 100,000 population)",SH.STA.SUIC.P5,Puerto Rico,PRI,..,..,..,..,..,..,..,..,..,..,..,..
"Suicide mortality rate (per 100,000 population)",SH.STA.SUIC.P5,Qatar,QAT,..,3.4,..,..,6.1,..,..,..,..,6.5,6.6,..
"Suicide mortality rate (per 100,000 population)",SH.STA.SUIC.P5,Romania,ROU,..,13.2,..,..,14,..,..,..,..,11.6,10.4,..
"Suicide mortality rate (per 100,000 population)",SH.STA.SUIC.P5,Russian Federation,RUS,..,52.6,..,..,40,..,..,..,..,32.1,31,..
"Suicide mortality rate (per 100,000 population)",SH.STA.SUIC.P5,Rwanda,RWA,..,15.6,..,..,7.5,..,..,..,..,6.8,6.7,..
"Suicide mortality rate (per 100,000 population)",SH.STA.SUIC.P5,Samoa,WSM,..,8.3,..,..,5,..,..,..,..,4.5,4.4,..
"Suicide mortality rate (per 100,000 population)",SH.STA.SUIC.P5,San Marino,SMR,..,..,..,..,..,..,..,..,..,..,..,..
"Suicide mortality rate (per 100,000 population)",SH.STA.SUIC.P5,Sao Tome and Principe,STP,..,2,..,..,2,..,..,..,..,2.3,2.3,..
"Suicide mortality rate (per 100,000 population)",SH.STA.SUIC.P5,Saudi Arabia,SAU,..,2.8,..,..,3.4,..,..,..,..,3.2,3.2,..
"Suicide mortality rate (per 100,000 population)",SH.STA.SUIC.P5,Senegal,SEN,..,7.7,..,..,6.9,..,..,..,..,6.2,6,..
"Suicide mortality rate (per 100,000 population)",SH.STA.SUIC.P5,Serbia,SRB,..,21,..,..,15.9,..,..,..,..,15,15.6,..
"Suicide mortality rate (per 100,000 population)",SH.STA.SUIC.P5,Seychelles,SYC,..,8.7,..,..,9.4,..,..,..,..,9.4,9.3,..
"Suicide mortality rate (per 100,000 population)",SH.STA.SUIC.P5,Sierra Leone,SLE,..,11.1,..,..,9.2,..,..,..,..,9.3,9.7,..
"Suicide mortality rate (per 100,000 population)",SH.STA.SUIC.P5,Singapore,SGP,..,12.4,..,..,10,..,..,..,..,9,9.9,..
"Suicide mortality rate (per 100,000 population)",SH.STA.SUIC.P5,Sint Maarten (Dutch part),SXM,..,..,..,..,..,..,..,..,..,..,..,..
"Suicide mortality rate (per 100,000 population)",SH.STA.SUIC.P5,Slovak Republic,SVK,..,14.4,..,..,13.9,..,..,..,..,12.8,12.8,..
"Suicide mortality rate (per 100,000 population)",SH.STA.SUIC.P5,Slovenia,SVN,..,32.4,..,..,20.7,..,..,..,..,21,18.6,..
"Suicide mortality rate (per 100,000 population)",SH.STA.SUIC.P5,Solomon Islands,SLB,..,11.2,..,..,5.8,..,..,..,..,4.9,4.7,..
"Suicide mortality rate (per 100,000 population)",SH.STA.SUIC.P5,Somalia,SOM,..,4.7,..,..,4.3,..,..,..,..,4.7,4.7,..
"Suicide mortality rate (per 100,000 population)",SH.STA.SUIC.P5,South Africa,ZAF,..,11.6,..,..,12.2,..,..,..,..,11.8,11.6,..
"Suicide mortality rate (per 100,000 population)",SH.STA.SUIC.P5,South Sudan,SSD,..,4.8,..,..,4.1,..,..,..,..,3.7,3.7,..
"Suicide mortality rate (per 100,000 population)",SH.STA.SUIC.P5,Spain,ESP,..,8.6,..,..,7,..,..,..,..,8.1,8.7,..
"Suicide mortality rate (per 100,000 population)",SH.STA.SUIC.P5,Sri Lanka,LKA,..,28.8,..,..,19.1,..,..,..,..,14.8,14.6,..
"Suicide mortality rate (per 100,000 population)",SH.STA.SUIC.P5,St. Kitts and Nevis,KNA,..,..,..,..,..,..,..,..,..,..,..,..
"Suicide mortality rate (per 100,000 population)",SH.STA.SUIC.P5,St. Lucia,LCA,..,6.4,..,..,6.1,..,..,..,..,7.8,7.8,..
"Suicide mortality rate (per 100,000 population)",SH.STA.SUIC.P5,St. Martin (French part),MAF,..,..,..,..,..,..,..,..,..,..,..,..
"Suicide mortality rate (per 100,000 population)",SH.STA.SUIC.P5,St. Vincent and the Grenadines,VCT,..,6.3,..,..,3.3,..,..,..,..,2.7,2.4,..
"Suicide mortality rate (per 100,000 population)",SH.STA.SUIC.P5,Sudan,SDN,..,7.9,..,..,8,..,..,..,..,8,8.1,..
"Suicide mortality rate (per 100,000 population)",SH.STA.SUIC.P5,Suriname,SUR,..,23.5,..,..,27,..,..,..,..,23.8,22.8,..
"Suicide mortality rate (per 100,000 population)",SH.STA.SUIC.P5,Sweden,SWE,..,15.6,..,..,15.3,..,..,..,..,15.7,14.8,..
"Suicide mortality rate (per 100,000 population)",SH.STA.SUIC.P5,Switzerland,CHE,..,21.8,..,..,16.2,..,..,..,..,17.1,17.2,..
"Suicide mortality rate (per 100,000 population)",SH.STA.SUIC.P5,Syrian Arab Republic,SYR,..,1.3,..,..,1.9,..,..,..,..,1.9,1.9,..
"Suicide mortality rate (per 100,000 population)",SH.STA.SUIC.P5,Tajikistan,TJK,..,3,..,..,2.5,..,..,..,..,2.5,2.5,..
"Suicide mortality rate (per 100,000 population)",SH.STA.SUIC.P5,Tanzania,TZA,..,6.9,..,..,5.3,..,..,..,..,5.4,5.4,..
"Suicide mortality rate (per 100,000 population)",SH.STA.SUIC.P5,Thailand,THA,..,16.2,..,..,14.3,..,..,..,..,14.6,14.4,..
"Suicide mortality rate (per 100,000 population)",SH.STA.SUIC.P5,Timor-Leste,TLS,..,9.3,..,..,5.3,..,..,..,..,4.6,4.6,..
"Suicide mortality rate (per 100,000 population)",SH.STA.SUIC.P5,Togo,TGO,..,9.6,..,..,9.5,..,..,..,..,9.4,9.6,..
"Suicide mortality rate (per 100,000 population)",SH.STA.SUIC.P5,Tonga,TON,..,3.6,..,..,3.6,..,..,..,..,3.5,3.5,..
"Suicide mortality rate (per 100,000 population)",SH.STA.SUIC.P5,Trinidad and Tobago,TTO,..,14.9,..,..,14.5,..,..,..,..,13.6,13.6,..
"Suicide mortality rate (per 100,000 population)",SH.STA.SUIC.P5,Tunisia,TUN,..,3.5,..,..,3.6,..,..,..,..,3.4,3.4,..
"Suicide mortality rate (per 100,000 population)",SH.STA.SUIC.P5,Turkey,TUR,..,7.2,..,..,8.4,..,..,..,..,7.3,7.3,..
"Suicide mortality rate (per 100,000 population)",SH.STA.SUIC.P5,Turkmenistan,TKM,..,9.1,..,..,7.6,..,..,..,..,7.2,6.7,..
"Suicide mortality rate (per 100,000 population)",SH.STA.SUIC.P5,Turks and Caicos Islands,TCA,..,..,..,..,..,..,..,..,..,..,..,..
"Suicide mortality rate (per 100,000 population)",SH.STA.SUIC.P5,Tuvalu,TUV,..,..,..,..,..,..,..,..,..,..,..,..
"Suicide mortality rate (per 100,000 population)",SH.STA.SUIC.P5,Uganda,UGA,..,11.1,..,..,10.5,..,..,..,..,9.9,9.9,..
"Suicide mortality rate (per 100,000 population)",SH.STA.SUIC.P5,Ukraine,UKR,..,36.9,..,..,27.1,..,..,..,..,23.1,22.4,..
"Suicide mortality rate (per 100,000 population)",SH.STA.SUIC.P5,United Arab Emirates,ARE,..,3.2,..,..,3,..,..,..,..,2.8,2.8,..
"Suicide mortality rate (per 100,000 population)",SH.STA.SUIC.P5,United Kingdom,GBR,..,9.1,..,..,7.8,..,..,..,..,8.7,8.9,..
"Suicide mortality rate (per 100,000 population)",SH.STA.SUIC.P5,United States,USA,..,11.3,..,..,13.2,..,..,..,..,15,15.3,..
"Suicide mortality rate (per 100,000 population)",SH.STA.SUIC.P5,Uruguay,URY,..,17.4,..,..,16.6,..,..,..,..,19.4,18.4,..
"Suicide mortality rate (per 100,000 population)",SH.STA.SUIC.P5,Uzbekistan,UZB,..,7.6,..,..,6,..,..,..,..,7.4,7.4,..
"Suicide mortality rate (per 100,000 population)",SH.STA.SUIC.P5,Vanuatu,VUT,..,7.3,..,..,5.1,..,..,..,..,4.5,4.5,..
"Suicide mortality rate (per 100,000 population)",SH.STA.SUIC.P5,"Venezuela, RB",VEN,..,8,..,..,4.3,..,..,..,..,3.8,3.7,..
"Suicide mortality rate (per 100,000 population)",SH.STA.SUIC.P5,Vietnam,VNM,..,6.7,..,..,7,..,..,..,..,7.2,7.3,..
"Suicide mortality rate (per 100,000 population)",SH.STA.SUIC.P5,Virgin Islands (U.S.),VIR,..,..,..,..,..,..,..,..,..,..,..,..
"Suicide mortality rate (per 100,000 population)",SH.STA.SUIC.P5,West Bank and Gaza,PSE,..,..,..,..,..,..,..,..,..,..,..,..
"Suicide mortality rate (per 100,000 population)",SH.STA.SUIC.P5,"Yemen, Rep.",YEM,..,6.8,..,..,8.8,..,..,..,..,8.6,8.5,..
"Suicide mortality rate (per 100,000 population)",SH.STA.SUIC.P5,Zambia,ZMB,..,8.1,..,..,6.3,..,..,..,..,6.1,6.1,..
"Suicide mortality rate (per 100,000 population)",SH.STA.SUIC.P5,Zimbabwe,ZWE,..,12.9,..,..,11.9,..,..,..,..,10.6,10.7,..
"Suicide mortality rate (per 100,000 population)",SH.STA.SUIC.P5,Arab World,ARB,..,4.32819517412245,..,..,4.20642884435748,..,..,..,..,4.20217897014787,4.2660818072258,..
"Suicide mortality rate (per 100,000 population)",SH.STA.SUIC.P5,Caribbean small states,CSS,..,9.08706137079678,..,..,9.25858059167689,..,..,..,..,9.12094105854922,9.09302736448569,..
"Suicide mortality rate (per 100,000 population)",SH.STA.SUIC.P5,Central Europe and the Baltics,CEB,..,19.7154432179202,..,..,18.0960515812889,..,..,..,..,15.5787897326952,15.1573079416604,..
"Suicide mortality rate (per 100,000 population)",SH.STA.SUIC.P5,Early-demographic dividend,EAR,..,10.8766878378025,..,..,10.2190278639893,..,..,..,..,10.0669299450956,9.93891976381762,..
"Suicide mortality rate (per 100,000 population)",SH.STA.SUIC.P5,East Asia & Pacific,EAS,..,12.0679464266214,..,..,10.8381791185602,..,..,..,..,9.54554381016362,9.50929037179529,..
"Suicide mortality rate (per 100,000 population)",SH.STA.SUIC.P5,East Asia & Pacific (excluding high income),EAP,..,11.1020740019542,..,..,9.34864881467883,..,..,..,..,8.40843329593129,8.46962934724555,..
"Suicide mortality rate (per 100,000 population)",SH.STA.SUIC.P5,East Asia & Pacific (IDA & IBRD countries),TEA,..,11.1161682434897,..,..,9.31633285426343,..,..,..,..,8.37091836758138,8.43547123782484,..
"Suicide mortality rate (per 100,000 population)",SH.STA.SUIC.P5,Euro area,EMU,..,14.4785007930655,..,..,13.0689375091064,..,..,..,..,12.9229297170859,12.9550260678878,..
"Suicide mortality rate (per 100,000 population)",SH.STA.SUIC.P5,Europe & Central Asia,ECS,..,21.9763741507687,..,..,17.9981230345803,..,..,..,..,15.7936423972648,15.5006128527103,..
"Suicide mortality rate (per 100,000 population)",SH.STA.SUIC.P5,Europe & Central Asia (excluding high income),ECA,..,30.756238776399,..,..,23.8157171214649,..,..,..,..,19.2968853906787,18.6158934016459,..
"Suicide mortality rate (per 100,000 population)",SH.STA.SUIC.P5,Europe & Central Asia (IDA & IBRD countries),TEC,..,29.4372401029661,..,..,23.3120938317878,..,..,..,..,18.9885097766712,18.3941731064844,..
"Suicide mortality rate (per 100,000 population)",SH.STA.SUIC.P5,European Union,EUU,..,14.5567388632697,..,..,13.2501102753179,..,..,..,..,12.7656213210571,12.740960526777,..
"Suicide mortality rate (per 100,000 population)",SH.STA.SUIC.P5,Fragile and conflict affected situations,FCS,..,6.79715101996741,..,..,6.57395510598615,..,..,..,..,6.61223434213851,6.65896643157869,..
"Suicide mortality rate (per 100,000 population)",SH.STA.SUIC.P5,Heavily indebted poor countries (HIPC),HPC,..,7.92204205153256,..,..,7.10305508789178,..,..,..,..,7.04797422713167,7.04971076237009,..
"Suicide mortality rate (per 100,000 population)",SH.STA.SUIC.P5,High income,HIC,..,14.2588690376806,..,..,14.7062856348403,..,..,..,..,14.1196522038209,14.0422938362072,..
"Suicide mortality rate (per 100,000 population)",SH.STA.SUIC.P5,IBRD only,IBD,..,13.9993489232882,..,..,12.1183947073894,..,..,..,..,11.2572843698528,11.1320930639512,..
"Suicide mortality rate (per 100,000 population)",SH.STA.SUIC.P5,IDA & IBRD total,IBT,..,12.5829606247916,..,..,10.8524410532948,..,..,..,..,10.1090306605785,9.99840557252011,..
"Suicide mortality rate (per 100,000 population)",SH.STA.SUIC.P5,IDA blend,IDB,..,7.18599353476401,..,..,6.66550858655496,..,..,..,..,6.48574539408247,6.45779173354245,..
"Suicide mortality rate (per 100,000 population)",SH.STA.SUIC.P5,IDA only,IDX,..,7.47308769953794,..,..,6.81228843419971,..,..,..,..,6.70535746011277,6.68598036566423,..
"Suicide mortality rate (per 100,000 population)",SH.STA.SUIC.P5,IDA total,IDA,..,7.37753407626222,..,..,6.76382589031699,..,..,..,..,6.63260290405674,6.61035973471531,..
"Suicide mortality rate (per 100,000 population)",SH.STA.SUIC.P5,Late-demographic dividend,LTE,..,15.0208078447631,..,..,12.3437732561499,..,..,..,..,10.8585452003255,10.7851243823265,..
"Suicide mortality rate (per 100,000 population)",SH.STA.SUIC.P5,Latin America & Caribbean,LCN,..,6.44679476351536,..,..,6.52809346289894,..,..,..,..,7.1027105578488,6.84720145968717,..
"Suicide mortality rate (per 100,000 population)",SH.STA.SUIC.P5,Latin America & Caribbean (excluding high income),LAC,..,5.95969878916107,..,..,6.10540013122464,..,..,..,..,6.78812968636035,6.48303537557159,..
"Suicide mortality rate (per 100,000 population)",SH.STA.SUIC.P5,Latin America & the Caribbean (IDA & IBRD countries),TLA,..,6.21161502588716,..,..,6.37926167380472,..,..,..,..,6.98601004411577,6.72296619039377,..
"Suicide mortality rate (per 100,000 population)",SH.STA.SUIC.P5,Least developed countries: UN classification,LDC,..,7.65082658122652,..,..,6.81826091998942,..,..,..,..,6.61635861057643,6.5752810378928,..
"Suicide mortality rate (per 100,000 population)",SH.STA.SUIC.P5,Low & middle income,LMY,..,12.5695431943528,..,..,10.8176453967123,..,..,..,..,10.0856565249421,9.9704879706164,..
"Suicide mortality rate (per 100,000 population)",SH.STA.SUIC.P5,Low income,LIC,..,7.88844292049678,..,..,6.95544325499774,..,..,..,..,6.72871669601001,6.70516775755627,..
"Suicide mortality rate (per 100,000 population)",SH.STA.SUIC.P5,Lower middle income,LMC,..,12.1371506063902,..,..,11.1640223451076,..,..,..,..,10.9284510583137,10.8051067207104,..
"Suicide mortality rate (per 100,000 population)",SH.STA.SUIC.P5,Middle East & North Africa,MEA,..,5.42169714995023,..,..,4.39240798234464,..,..,..,..,3.8163637953973,3.88958604754085,..
"Suicide mortality rate (per 100,000 population)",SH.STA.SUIC.P5,Middle East & North Africa (excluding high income),MNA,..,5.62981898664834,..,..,4.45452695056888,..,..,..,..,3.85006026918157,3.92851232872242,..
"Suicide mortality rate (per 100,000 population)",SH.STA.SUIC.P5,Middle East & North Africa (IDA & IBRD countries),TMN,..,5.62981898664834,..,..,4.45452695056888,..,..,..,..,3.85006026918157,3.92851232872242,..
"Suicide mortality rate (per 100,000 population)",SH.STA.SUIC.P5,Middle income,MIC,..,13.0500460877094,..,..,11.2798656680608,..,..,..,..,10.5167399351872,10.3958357836055,..
"Suicide mortality rate (per 100,000 population)",SH.STA.SUIC.P5,North America,NAC,..,11.4671560321274,..,..,13.1801917003311,..,..,..,..,14.7489822845677,15.0176836015474,..
"Suicide mortality rate (per 100,000 population)",SH.STA.SUIC.P5,Not classified,INX,..,..,..,..,..,..,..,..,..,..,..,..
"Suicide mortality rate (per 100,000 population)",SH.STA.SUIC.P5,OECD members,OED,..,13.3920853418474,..,..,14.0433380925624,..,..,..,..,13.5400103265253,13.4069236505733,..
"Suicide mortality rate (per 100,000 population)",SH.STA.SUIC.P5,Other small states,OSS,..,10.7525293236586,..,..,9.41849122023172,..,..,..,..,9.159016706533,9.18044350739779,..
"Suicide mortality rate (per 100,000 population)",SH.STA.SUIC.P5,Pacific island small states,PSS,..,7.24844901717443,..,..,5.8183035350094,..,..,..,..,5.56994702363394,5.49020330457261,..
"Suicide mortality rate (per 100,000 population)",SH.STA.SUIC.P5,Post-demographic dividend,PST,..,16.1609275235367,..,..,16.1066275453989,..,..,..,..,15.3965690773649,15.2671344014698,..
"Suicide mortality rate (per 100,000 population)",SH.STA.SUIC.P5,Pre-demographic dividend,PRE,..,7.81155186779528,..,..,7.15141045544781,..,..,..,..,7.00578640262693,6.9779490453559,..
"Suicide mortality rate (per 100,000 population)",SH.STA.SUIC.P5,Small states,SST,..,10.1618076252131,..,..,9.17055123461861,..,..,..,..,8.94236065883322,8.9500758520069,..
"Suicide mortality rate (per 100,000 population)",SH.STA.SUIC.P5,South Asia,SAS,..,14.9319787609324,..,..,13.8822963722108,..,..,..,..,13.6883075287497,13.4982767774954,..
"Suicide mortality rate (per 100,000 population)",SH.STA.SUIC.P5,South Asia (IDA & IBRD),TSA,..,14.9319787609324,..,..,13.8822963722108,..,..,..,..,13.6883075287497,13.4982767774954,..
"Suicide mortality rate (per 100,000 population)",SH.STA.SUIC.P5,Sub-Saharan Africa,SSF,..,8.4649354463679,..,..,7.75308375976867,..,..,..,..,7.56585597680873,7.53554391943848,..
"Suicide mortality rate (per 100,000 population)",SH.STA.SUIC.P5,Sub-Saharan Africa (excluding high income),SSA,..,8.46490700628743,..,..,7.75291528436327,..,..,..,..,7.56568561362603,7.53538222116425,..
"Suicide mortality rate (per 100,000 population)",SH.STA.SUIC.P5,Sub-Saharan Africa (IDA & IBRD countries),TSS,..,8.4649354463679,..,..,7.75308375976867,..,..,..,..,7.56585597680873,7.53554391943847,..
"Suicide mortality rate (per 100,000 population)",SH.STA.SUIC.P5,Upper middle income,UMC,..,13.9690013626158,..,..,11.4068803642287,..,..,..,..,10.0489013308113,9.92765782082191,..
"Suicide mortality rate (per 100,000 population)",SH.STA.SUIC.P5,World,WLD,..,12.8695598933284,..,..,11.4736222969936,..,..,..,..,10.7462958455189,10.6335902664167,..
,,,,,,,,,,,,,,,
,,,,,,,,,,,,,,,
,,,,,,,,,,,,,,,
Data from database: World Development Indicators,,,,,,,,,,,,,,,
Last Updated: 11/14/2018,,,,,,,,,,,,,,,
